Time/s,Satellite number,Measured Doppler/Hz,Sat_position_x/m,Sat_position_y/m,Sat_position_z/m,Sat_velocity_x/(m/s),Sat_velocity_y/(m/s),Sat_velocity_z/(m/s),Predicted Doppler/Hz,User_latitude,User_longitude,User_height
377.4342622,25,15514.81379,-1851977.419,6125946.142,3197673.954,-1021.238302,3179.028796,-6657.856551,15517.84081,22.3045966,114.180121,61.384
382.85072,54,1331.465165,-4747853.95,4430456.285,3002755.396,-2322.517421,2107.344273,-6756.073868,1334.662117,,,
383.4237001,35,30529.97519,-1388161.192,5475424.839,4387415.619,-1300.563688,4388.805682,-5871.757021,30536.63175,,,
383.4237187,35,30527.46035,-1388162.63,5475429.713,4387409.099,-1300.561304,4388.799311,-5871.762336,30536.58872,,,
383.4956986,35,30364.23374,-1393759.515,5494330.469,4362005.548,-1291.299833,4363.965051,-5892.374655,30366.34727,,,
383.4957175,35,30371.21278,-1393760.978,5494335.405,4361998.882,-1291.297408,4363.958533,-5892.380039,30366.30189,,,
383.5676976,35,30198.47943,-1399317.83,5513128.716,4336506.493,-1282.025436,4339.029984,-5912.872654,30189.77789,,,
383.5677175,35,30189.50744,-1399319.367,5513133.883,4336499.448,-1282.022885,4339.023092,-5912.878291,30189.72839,,,
383.6397175,35,30008.98402,-1404837.668,5531824.438,4310911.721,-1272.738133,4313.99388,-5933.25634,30006.63464,,,
383.7117175,35,29816.65342,-1410315.821,5550406.668,4285236.221,-1263.443387,4288.871402,-5953.513768,29816.77525,,,
383.7837175,35,29610.11514,-1415753.816,5568880.164,4259473.47,-1254.138918,4263.656153,-5973.650158,29619.89612,,,
383.855692,35,29417.39593,-1421149.691,5587238.047,4233633.16,-1244.828261,4238.35762,-5993.658029,29415.80704,,,
383.9276972,35,29204.29055,-1426507.608,5605494.238,4207695.639,-1235.504389,4212.956552,-6013.552574,29204.07479,,,
384.4317175,35,27481.39146,-1462881.405,5730183.566,4023769.424,-1170.00125,4032.628353,-6149.363404,27485.42998,,,
384.5412008,35,27060.26028,-1470520.259,5756543.475,3983279.794,-1155.722607,3992.883603,-6178.05867,27050.75054,,,
384.6131789,35,26756.59817,-1475491.195,5773730.858,3956558.221,-1146.326599,3966.644537,-6196.765707,26751.66234,,,
384.6132039,35,26752.83806,-1475492.9,5773736.805,3956548.934,-1146.323328,3966.63542,-6196.772177,26751.55654,,,
384.685179,35,26439.09365,-1480423.016,5790809.937,3929747.933,-1136.92105,3940.311177,-6215.352432,26441.4826,,,
384.7572008,35,26127.01657,-1485315.685,5807780.166,3902849.498,-1127.506266,3913.884059,-6233.818279,26119.82648,,,
384.7932019,35,25954.19508,-1487746.087,5816220.115,3889374.101,-1122.79782,3900.642097,-6243.001146,25954.65506,,,
384.8291754,35,25782.87621,-1490164.457,5824624.987,3875889.279,-1118.091479,3887.389092,-6252.145244,25786.62549,,,
384.9011742,35,25445.78492,-1494974.199,5841360.835,3848841.04,-1108.667604,3860.800484,-6270.351242,25441.16685,,,
384.9012024,35,25448.73098,-1494976.077,5841367.369,3848830.428,-1108.663912,3860.790051,-6270.358349,25441.02909,,,
384.9732008,35,25083.40198,-1499745.042,5857988.037,3821703.941,-1099.234402,3834.117399,-6288.436639,25083.02865,,,
385.045172,35,24714.85993,-1504471.484,5874487.073,3794509.946,-1089.803035,3807.371267,-6306.380232,24712.23834,,,
385.0452008,35,24719.06543,-1504473.369,5874493.658,3794499.039,-1089.799256,3807.360538,-6306.387393,24712.08719,,,
385.1171719,35,24320.12741,-1509159.043,5890876.938,3767227.861,-1080.362716,3780.531407,-6324.202699,24327.97449,,,
385.1172008,35,24336.58145,-1509160.925,5890883.51,3767216.866,-1080.358918,3780.520588,-6324.209846,24327.81715,,,
385.1531705,35,24133.44563,-1511487.442,5899028.046,3753558.518,-1075.64086,3767.080982,-6333.065381,24130.7284,,,
385.1531935,35,24138.86054,-1511488.935,5899033.252,3753549.763,-1075.637842,3767.072366,-6333.071042,24130.60112,,,
385.1891731,35,23930.81041,-1513805.898,5907150.986,3739868.537,-1070.91727,3753.608485,-6341.896836,23929.98014,,,
385.1892008,35,23925.29602,-1513807.688,5907157.234,3739857.978,-1070.913633,3753.598092,-6341.90363,23929.82412,,,
385.333171,35,23084.55109,-1522976.857,5939348.251,3684923.715,-1052.013112,3699.518894,-6376.896532,23091.28735,,,
385.4052008,35,22652.74229,-1527502.997,5955278.103,3657326.597,-1042.550515,3672.340774,-6394.209343,22649.61766,,,
385.4772008,35,22186.14459,-1531986.39,5971083.787,3629666.43,-1033.087871,3645.093548,-6411.384838,22192.87877,,,
385.5131927,35,21956.87374,-1534212.254,5978940.681,3615811.712,-1028.356199,3631.443047,-6419.921765,21958.73223,,,
385.5132504,35,21961.61004,-1534215.815,5978953.254,3615789.484,-1028.348612,3631.421145,-6419.935426,21958.35369,,,
385.5221652,35,21905.76981,-1534765.548,5980894.752,3612354.972,-1027.176485,3628.036987,-6422.044873,21899.749,,,
385.5492008,35,21725.99873,-1536428.896,5986771.59,3601932.346,-1023.621495,3617.766513,-6428.429869,21720.53504,,,
385.5941642,35,21421.36724,-1539182.436,5996508.535,3584575.425,-1017.708035,3600.6608,-6439.008,21417.49406,,,
385.8101614,35,19873.05382,-1552187.642,6042638.017,3500800.886,-989.283568,3518.060833,-6489.109936,19872.66954,,,
385.8356611,35,19674.9124,-1553698.658,6048013.086,3490868.196,-985.9262213,3508.263285,-6494.946485,19680.34538,,,
385.8356842,35,19684.78381,-1553700.029,6048017.937,3490859.212,-985.9231898,3508.254422,-6494.951755,19680.17061,,,
386.0261637,35,18175.79613,-1564824.584,6087693.515,3416382.786,-960.8349078,3434.763863,-6538.024447,18175.27374,,,
386.1956648,35,16734.76969,-1574482.792,6122290.825,3349699.002,-938.4984427,3368.922239,-6575.570398,16733.44769,,,
386.1956842,35,16730.28675,-1574483.882,6122294.744,3349691.353,-938.4958865,3368.914685,-6575.574651,16733.27718,,,
386.2421608,35,16319.27117,-1577092.436,6131664.03,3331340.494,-932.3698797,3350.788948,-6585.740204,16320.92392,,,
386.3726619,35,15132.84626,-1584325.606,6157701.182,3279662.777,-915.1663476,3299.729988,-6613.985004,15124.11217,,,
386.3726842,35,15130.88285,-1584326.829,6157705.583,3279653.955,-915.1634183,3299.72127,-6613.989777,15123.90346,,,
386.3861608,35,15006.26561,-1585066.111,6160371.6,3274304.706,-913.3866701,3294.434796,-6616.881406,14997.05596,,,
386.5166541,35,13738.38291,-1592150.231,6185964.924,3222388.193,-896.1815839,3243.115217,-6644.636383,13737.77558,,,
386.5166842,35,13742.6686,-1592151.846,6185970.779,3222376.198,-896.1776155,3243.103357,-6644.642731,13737.47879,,,
386.5886535,35,13021.31504,-1596001.21,6199913.703,3193650.85,-886.6882487,3214.698764,-6659.760047,13019.30725,,,
386.588687,35,13018.70786,-1596002.99,6199920.161,3193637.472,-886.6838333,3214.685533,-6659.767049,13018.96929,,,
386.6606842,35,12277.36108,-1599812.82,6213745.554,3164835.934,-877.1907588,3186.198846,-6674.75462,12284.16693,,,
386.8046842,35,10758.62051,-1607309.73,6241027.456,3107037.851,-858.204741,3129.012373,-6704.322963,10767.44952,,,
386.8766515,35,9990.656568,-1610995.024,6254476.741,3078056.765,-848.7169563,3100.327888,-6718.895959,9987.131398,,,
386.8766842,35,9990.156513,-1610996.682,6254482.819,3078043.596,-848.7126475,3100.314854,-6718.902542,9986.773966,,,
386.9276787,35,9424.472424,-1613583.177,6263937.611,3057470.247,-841.9903423,3079.94801,-6729.145899,9425.384074,,,
386.9321787,35,9373.74723,-1613810.454,6264768.956,3055653.239,-841.3971631,3078.149077,-6730.04653,9375.518046,,,
386.9322379,35,9368.998413,-1613813.43,6264779.895,3055629.328,-841.3893515,3078.125405,-6730.058378,9374.86145,,,
387.0206842,35,8375.511629,-1618247.579,6281020.883,3019867.613,-829.7314648,3042.714179,-6747.651015,8384.470749,,,
387.2651557,35,5555.18653,-1630182.07,6324931.491,2920540.301,-797.5205133,2944.30803,-6795.198152,5557.033549,,,
387.2652459,35,5557.14881,-1630186.391,6324947.413,2920503.549,-797.5086443,2944.271604,-6795.21539,5555.970165,,,
387.4016575,35,3939.232289,-1636640.252,6348819.472,2864780.61,-779.545796,2889.032208,-6821.053015,3932.763196,,,
387.4301508,35,3593.057178,-1637969.766,6353748.669,2853114.76,-775.7949045,2877.464602,-6826.387031,3590.634667,,,
387.5546708,35,2081.89523,-1643704.671,6375057.604,2802027.008,-759.4081532,2826.795017,-6849.441774,2086.236176,,,
387.6251542,35,1220.977421,-1646896.615,6386951.306,2773033.431,-750.1366698,2798.030068,-6862.306871,1229.883684,,,
387.6252408,35,1224.073641,-1646900.502,6386965.859,2772997.747,-750.1252653,2797.994663,-6862.322608,1228.829275,,,
387.6266495,35,1219.81801,-1646963.91,6387202.32,2772417.725,-749.9400035,2797.41915,-6862.578363,1211.691083,,,
387.6266708,35,1210.541404,-1646964.865,6387205.899,2772408.948,-749.9371982,2797.410441,-6862.582233,1211.431726,,,
387.6461508,35,975.9801347,-1647839.89,6390470.859,2764385.887,-747.3753441,2789.449505,-6866.113448,974.3659256,,,
387.6521854,35,900.2288568,-1648110.361,6391480.399,2761899.64,-746.5817793,2786.982412,-6867.205283,900.9032832,,,
387.6566591,35,840.9519168,-1648310.672,6392228.236,2760056.234,-745.993489,2785.153179,-6868.014068,846.4362195,,,
387.6986488,35,334.38802,-1650183.159,6399223.466,2742743.503,-740.4724935,2767.972325,-6875.578985,335.0114269,,,
387.7181508,35,88.62201435,-1651048.112,6402457.65,2734696.188,-737.908702,2759.985554,-6879.076297,97.40984114,,,
387.7706488,35,-546.9548711,-1653361.565,6411117.374,2713013.141,-731.0084976,2738.463268,-6888.439711,-542.1503471,,,
387.7901508,35,-777.7381853,-1654215.446,6414317.022,2704950.793,-728.4457176,2730.459814,-6891.899054,-779.6369579,,,
387.8426489,35,-1411.068359,-1656499.101,6422883.685,2683227.484,-721.5483169,2708.892825,-6901.160169,-1418.372727,,,
387.9146489,35,-2283.7285,-1659595.776,6434522.115,2653387.192,-712.0921976,2679.261653,-6913.740075,-2292.247048,,,
387.9341508,35,-2537.475978,-1660427.497,6437652.456,2645295.334,-709.5316392,2671.22539,-6917.123241,-2528.358742,,,
387.9852408,35,-3149.855304,-1662592.218,6445808.53,2624078.03,-702.8251701,2650.151607,-6925.937251,-3145.411732,,,
387.9866708,35,-3163.830269,-1662652.524,6446035.885,2623483.774,-702.637494,2649.561322,-6926.182932,-3162.648438,,,
388.0061508,35,-3401.410991,-1663472.268,6449127.99,2615386.487,-700.0810145,2641.517918,-6929.524152,-3397.248568,,,
388.0166491,35,-3514.516236,-1663912.816,6450790.503,2611021.037,-698.7034044,2637.181321,-6931.320536,-3523.516402,,,
388.0166808,35,-3526.318829,-1663914.152,6450795.523,2611007.839,-698.6992425,2637.168209,-6931.325962,-3523.897937,,,
388.016734,35,-3516.518105,-1663916.37,6450803.944,2610985.715,-698.692257,2637.146233,-6931.335057,-3524.53745,,,
388.1261642,35,-4834.89136,-1668456.731,6467970.353,2565414.778,-684.3385139,2591.868325,-6949.880833,-4832.780124,,,
388.1306708,35,-4888.228367,-1668641.712,6468670.937,2563535.425,-683.7476296,2590.000737,-6950.6376,-4886.310974,,,
388.2221638,35,-5975.730907,-1672362.273,6482784.778,2525337.354,-671.7558343,2552.036373,-6965.881255,-5966.142794,,,
388.2941558,35,-6804.21902,-1675243.575,6493743.692,2495222.459,-662.325961,2522.098454,-6977.714812,-6805.472683,,,
388.3421642,35,-7357.862588,-1677142.363,6500979.8,2475111.84,-656.04062,2502.102466,-6985.527154,-7359.502561,,,
388.345242,35,-7401.357036,-1677263.48,6501441.749,2473821.761,-655.6377455,2500.819644,-6986.025854,-7394.857472,,,
388.366151,35,-7636.108902,-1678084.284,6504573.658,2465055.378,-652.9011513,2492.102264,-6989.406812,-7634.49379,,,
388.3856508,35,-7857.321225,-1678846.683,6507484.624,2456876.007,-650.3494336,2483.96813,-6992.549084,-7857.11262,,,
388.3857375,35,-7857.569775,-1678850.069,6507497.54,2456839.646,-650.3380952,2483.931969,-6992.563026,-7858.100163,,,
388.4141642,35,-8186.000067,-1679956.115,6511724.012,2444909.222,-646.6189805,2472.066688,-6997.125024,-8181.086028,,,
388.4381508,35,-8461.298442,-1680884.463,6515274.599,2434836.187,-643.4814682,2462.047884,-7000.957196,-8452.162877,,,
388.4861642,35,-9000.17453,-1682729.158,6522338.352,2414656.809,-637.2032089,2441.975025,-7008.580377,-8990.603793,,,
388.5581712,35,-9787.309996,-1685461.833,6532823.588,2384352.252,-627.7926306,2411.825142,-7019.894075,-9787.210357,,,
388.6586575,35,-10877.94281,-1689207.35,6547237.832,2341980.996,-614.6707298,2369.659557,-7035.443323,-10875.5955,,,
388.7051542,35,-11373.52537,-1690913.695,6553821.44,2322343.573,-608.6033507,2350.113291,-7042.543793,-11369.53247,,,
388.7096687,35,-11425.76852,-1691078.463,6554457.768,2320435.835,-608.0143891,2348.21427,-7043.230023,-11417.15438,,,
388.7261572,35,-11584.49737,-1691678.92,6556777.437,2313466.67,-605.8635782,2341.276733,-7045.731536,-11590.57031,,,
388.7456528,35,-11787.82967,-1692386.134,6559511.31,2305223.289,-603.3209654,2333.070338,-7048.679561,-11794.56753,,,
388.7457465,35,-11796.18239,-1692389.521,6559524.429,2305183.658,-603.3087435,2333.030884,-7048.693706,-11795.54529,,,
388.8026575,35,-12382.8164,-1694436.948,6567449.996,2281100.119,-595.8893441,2309.052756,-7057.239117,-12384.44545,,,
388.9421546,35,-13781.7189,-1699348.403,6586529.93,2221945.739,-577.722298,2250.140695,-7077.805058,-13785.10677,,,
388.9466575,35,-13834.68666,-1699504.414,6587137.601,2220033.409,-577.1363376,2248.235806,-7078.459909,-13829.28093,,,
389.0141588,35,-14489.92706,-1701824.087,6596185.255,2191345.277,-568.3559725,2219.65639,-7088.208907,-14483.52996,,,
389.0186575,35,-14525.06982,-1701977.42,6596784.132,2189431.921,-567.7710337,2217.750089,-7088.854133,-14526.60021,,,
389.0696608,35,-15018.68896,-1703704.765,6603537.798,2167727.432,-561.1415251,2196.123938,-7096.129827,-15010.20285,,,
389.0697475,35,-15017.29143,-1703707.688,6603549.217,2167690.532,-561.130265,2196.087168,-7096.142128,-15011.01726,,,
389.0906575,35,-15211.28355,-1704409.984,6606298.856,2158785.842,-558.4134937,2187.213712,-7099.103957,-15206.76782,,,
389.1881565,35,-16091.63232,-1707639.644,6618972.767,2117216.395,-545.7547223,2145.783156,-7112.75325,-16100.10297,,,
389.2346575,35,-16514.92171,-1709153.905,6624932.016,2097362.408,-539.7225883,2125.991498,-7119.16957,-16514.84788,,,
389.2601808,35,-16742.54632,-1709977.906,6628179.429,2086457.419,-536.4131807,2115.119646,-7122.665633,-16739.37278,,,
389.3321579,35,-17370.52214,-1712274.333,6637247.561,2055676.146,-527.0862775,2084.427725,-7132.426465,-17360.62293,,,
389.4041587,35,-17969.36478,-1714531.245,6646185.966,2024842.861,-517.7650279,2053.677774,-7142.045244,-17964.48119,,,
389.4296642,35,-18178.82345,-1715321.066,6649320.429,2013910.562,-514.4652032,2042.773547,-7145.41771,-18174.18038,,,
389.4297475,35,-18177.43583,-1715323.641,6649330.636,2013874.852,-514.4544301,2042.737927,-7145.428693,-18174.86162,,,
389.4341769,35,-18214.26135,-1715460.28,6649873.27,2011975.781,-513.8814842,2040.843654,-7146.012496,-18211.05345,,,
389.5481808,35,-19125.64312,-1718924.951,6663666.208,1963044.354,-499.1469277,1992.027836,-7160.84878,-19119.8609,,,
389.6201612,35,-19677.31678,-1721060.63,6672202.726,1932098.033,-489.8558286,1961.14672,-7170.027874,-19671.33775,,,
389.6201808,35,-19680.70848,-1721061.196,6672205.045,1932089.565,-489.8532855,1961.13827,-7170.030364,-19671.48612,,,
389.6921621,35,-20210.13511,-1723156.771,6680608.166,1901103.519,-480.5716694,1930.211407,-7179.063549,-20205.91425,,,
389.692191,35,-20201.20289,-1723157.611,6680611.522,1901091.033,-480.5679352,1930.198944,-7179.067157,-20206.12608,,,
389.7641808,35,-20717.9058,-1725213.343,6688881.901,1870062.573,-471.2950351,1899.223657,-7187.955164,-20723.79585,,,
389.7941675,35,-20936.59499,-1726057.834,6692287.358,1857126.693,-467.4354475,1886.308152,-7191.614202,-20934.5285,,,
389.7942542,35,-20938.34488,-1726060.249,6692297.17,1857089.297,-467.4242909,1886.270814,-7191.624741,-20935.1333,,,
389.9081808,35,-21710.07881,-1729205.3,6705023.053,1807883.24,-452.7769395,1837.132662,-7205.294258,-21709.93287,,,
389.9157208,55,13942.23649,-4252048.857,4306033.44,3813610.529,-2876.734023,2751.23658,-6293.939402,13939.36208,,,
390.0071775,35,-22342.6198,-1731856.973,6715808.197,1765050.655,-440.0703771,1794.34689,-7216.874007,-22350.76869,,,
390.1541682,35,-23248.62213,-1735655.097,6731352.633,1701327.785,-421.2413388,1730.672662,-7233.554823,-23248.6751,,,
390.1542542,35,-23252.56108,-1735657.256,6731361.567,1701290.46,-421.2303322,1730.635359,-7233.564403,-23249.18208,,,
390.1901687,35,-23450.55322,-1736560.017,6735074.062,1685698.744,-416.6368354,1715.05174,-7237.546663,-23459.12491,,,
390.1902008,35,-23464.69355,-1736560.819,6735077.371,1685684.785,-416.632725,1715.037787,-7237.550211,-23459.31118,,,
390.4391775,35,-24816.36901,-1742547.299,6759889.194,1577364.934,-384.8672303,1606.733318,-7264.147161,-24818.08856,,,
390.5111775,35,-25180.77346,-1744190.143,6766762.438,1545967.827,-375.7076319,1575.327419,-7271.508999,-25180.99213,,,
390.5502008,35,-25380.16327,-1745064.016,6770430.957,1528937.69,-370.7483215,1558.29004,-7275.437158,-25372.32773,,,
390.9507303,55,8382.480058,-4420944.702,4468556.069,3415004.267,-2561.202739,2480.638352,-6538.986626,8386.838736,,,
391.3827195,55,5824.657567,-4485593.145,4531342.078,3244286.518,-2426.995714,2363.706905,-6633.186138,5824.261825,,,
392.1356757,38,29771.39964,-1143366.732,5411256.157,4534297.737,-1176.033614,4582.093127,-5748.887062,29775.97156,,,
392.2796742,38,29447.81856,-1153456.376,5450632.16,4484443.846,-1159.545941,4532.750673,-5791.395238,29443.2244,,,
392.3381628,55,-129.3770785,-4616114.357,4659258.408,2858438.514,-2125.621676,2097.273844,-6824.168875,-134.0180526,,,
392.3381987,55,-138.1798654,-4616118.929,4659262.932,2858423.817,-2125.610244,2097.263644,-6824.175595,-134.2451429,,,
392.9621675,55,-4053.417327,-4691965.154,4734434.011,2600818.034,-1925.856884,1917.80125,-6935.732203,-4059.852984,,,
393.1811575,38,26796.00951,-1213370.845,5687282.163,4164203.671,-1055.682945,4215.185929,-6046.675383,26795.77758,,,
393.2501675,55,-5826.171267,-4724442.139,4766847.267,2480551.114,-1832.986347,1833.60018,-6983.653744,-5834.166463,,,
393.3971575,38,25979.84071,-1226890.436,5741404.87,4085459.448,-1030.662732,4136.946548,-6105.00951,25988.46695,,,
393.4271675,55,-6911.918613,-4743604.481,4786043.374,2406233.455,-1775.719309,1781.43937,-7011.977177,-6904.926998,,,
393.4272542,55,-6911.676996,-4743613.728,4786052.641,2406196.959,-1775.691211,1781.413729,-7011.990847,-6905.447514,,,
393.4691575,38,25695.05155,-1231324.88,5759219.795,4059044.261,-1022.313635,4110.687843,-6124.206416,25701.95266,,,
393.7931639,38,24298.57009,-1250833.549,5837976.834,3939158.41,-984.6939645,3991.432906,-6209.047028,24296.08553,,,
393.9011703,38,23782.88199,-1257174.077,5863712.885,3898831.396,-972.1384801,3951.289497,-6236.761643,23782.39807,,,
393.973139,38,23428.46759,-1261353.839,5880717.083,3871860.685,-963.7687603,3924.433694,-6255.070499,23426.86501,,,
393.9731575,38,23421.04489,-1261354.905,5880721.452,3871853.725,-963.7665991,3924.426764,-6255.075201,23426.77193,,,
394.0451379,38,23063.31462,-1265499.172,5897612.209,3844799.803,-955.3929415,3897.481817,-6273.259824,23060.29272,,,
394.0451575,38,23055.31534,-1265500.299,5897616.79,3844792.428,-955.3906645,3897.474472,-6273.264756,23060.1915,,,
394.1891681,38,22295.16968,-1273683.1,5931059.692,3790431.477,-938.6307409,3843.31366,-6309.26322,22293.32259,,,
394.3781608,38,21226.06171,-1284202.022,5974235.885,3718622.799,-916.6245193,3771.731405,-6355.726225,21216.19008,,,
394.4501608,38,20791.15432,-1288143.739,5990470.568,3691128.25,-908.2382699,3744.312282,-6373.193046,20783.98207,,,
394.4726772,55,-12797.91656,-4844328.227,4887993.154,1961516.588,-1434.934386,1467.296324,-7161.559271,-12788.26895,,,
394.4726942,55,-12793.52771,-4844329.695,4887994.645,1961509.287,-1434.928819,1467.291138,-7161.561454,-12788.35723,,,
394.5221427,38,20341.00308,-1292048.242,6006582.573,3663565.49,-899.8530373,3716.818951,-6390.525818,20339.52451,,,
394.5221608,38,20333.4065,-1292049.225,6006586.625,3663558.524,-899.8509217,3716.812001,-6390.530177,20339.41077,,,
394.5941306,38,19890.34776,-1295916.86,6022577.021,3635925.792,-891.4662138,3689.242705,-6407.73007,19882.49379,,,
394.6661608,38,19408.27783,-1299751.47,6038461.467,3608195.787,-883.0738027,3661.570204,-6424.81394,19412.48861,,,
394.7381289,38,18933.97466,-1303546.572,6054212.595,3580416.243,-874.6882082,3633.842124,-6441.752381,18930.05602,,,
394.7381608,38,18933.31875,-1303548.241,6054219.558,3580403.903,-874.6844838,3633.829806,-6441.759867,18929.83906,,,
394.8101281,38,18434.27358,-1307307.074,6069850.565,3552551.764,-866.2987609,3606.023144,-6458.567085,18434.46094,,,
394.8821343,38,17933.41062,-1311031.68,6085369.682,3524612.231,-857.9085008,3578.123122,-6475.251946,17925.7663,,,
394.8821608,38,17921.84398,-1311033.054,6085375.372,3524601.931,-857.9054175,3578.112835,-6475.258065,17925.57669,,,
395.0126539,38,16961.55637,-1317690.582,6113191.966,3473785.93,-842.7009053,3527.353158,-6505.15896,16970.22918,,,
395.0261608,38,16870.56571,-1318372.881,6116048.446,3468512.81,-841.1272329,3522.084744,-6508.229093,16868.87592,,,
395.0846408,38,16425.85094,-1321312.295,6128366.674,3445653.453,-834.3140917,3499.243324,-6521.467853,16424.7093,,,
395.0981251,38,16326.26246,-1321986.668,6131195.613,3440376.003,-832.7432032,3493.969448,-6524.508006,16321.06334,,,
395.1566408,38,15858.69532,-1324898.427,6143422.536,3417445.679,-825.9265845,3471.052202,-6537.646983,15865.9502,,,
395.2076247,38,15466.98944,-1327415.879,6154009.999,3397429.369,-819.9879357,3451.04406,-6549.023111,15462.37011,,,
395.2286238,38,15301.7616,-1328447.483,6158352.928,3389175.004,-817.5421158,3442.792185,-6553.689251,15294.24393,,,
395.2286408,38,15295.59457,-1328448.309,6158356.453,3389168.298,-817.5401239,3442.785482,-6553.693035,15294.10685,,,
395.2421238,38,15191.7211,-1329109.051,6161139.44,3383865.296,-815.9697878,3437.483808,-6556.683049,15185.57429,,,
395.3006231,38,14710.23787,-1331961.133,6173164.46,3360828.868,-809.1570162,3414.450713,-6569.60178,14709.42016,,,
395.3726408,38,14109.30923,-1335439.435,6187857.131,3332407.021,-800.7712636,3386.027537,-6585.384584,14111.58859,,,
395.4446517,38,13507.09129,-1338881.192,6202425.439,3303919.981,-792.3880267,3357.533171,-6601.031776,13501.13341,,,
395.5886207,38,12241.20349,-1345653.599,6231181.48,3246765.519,-775.6336766,3300.346094,-6631.911355,12243.5851,,,
395.5886408,38,12251.64699,-1345654.54,6231185.475,3246757.492,-775.6313303,3300.33806,-6631.915644,12243.40551,,,
395.7326489,38,10933.43281,-1352284.005,6259453.812,3189322.963,-758.8818577,3242.846951,-6662.263461,10938.06717,,,
395.8046408,38,10276.91563,-1355543.944,6273399.061,3160512.785,-750.5126038,3213.99951,-6677.231537,10268.65483,,,
395.8766408,38,9581.695887,-1358768.095,6287221.089,3131635.015,-742.1454175,3185.078492,-6692.065338,9588.529011,,,
395.9276242,38,9108.989329,-1361029.262,6296932.862,3111148.003,-736.2225278,3164.557241,-6702.486795,9100.772279,,,
395.9277108,38,9108.058197,-1361033.095,6296949.316,3111113.15,-736.2124632,3164.522326,-6702.504452,9099.938954,,,
395.9486196,38,8896.796786,-1361955.162,6300914.011,3102701.997,-733.7839066,3156.096264,-6706.758569,8898.477452,,,
396.0206216,38,8199.370508,-1365107.143,6314485.96,3073696.475,-725.4231404,3127.03554,-6721.319982,8198.631198,,,
396.5456161,38,2877.429407,-1386999,6409626.435,2860350.794,-664.5851245,2913.107123,-6823.337117,2869.2276,,,
396.5546275,38,2777.505809,-1387358.043,6411200.498,2856661.079,-663.5430306,2909.404645,-6825.024025,2775.266216,,,
396.6566375,38,1714.397519,-1391383.233,6428879.377,2814829.664,-651.7521855,2867.422266,-6843.968119,1708.470694,,,
396.6986275,38,1272.253118,-1393019.152,6436081.744,2797577.217,-646.9019453,2850.10422,-6851.684761,1268.043898,,,
396.7706275,38,510.941084,-1395795.823,6448329.958,2767949.507,-638.5897498,2820.359342,-6864.805947,511.7912111,,,
396.8426275,38,-245.1213299,-1398536.598,6460449.539,2738265.416,-630.2833946,2790.552165,-6877.787318,-245.0080138,,,
396.9146275,38,-995.1671772,-1401241.502,6472440.22,2708525.548,-621.9830878,2760.683304,-6890.628607,-1001.437312,,,
397.0586275,38,-2516.396242,-1406543.787,6496033.824,2648880.904,-605.4014416,2700.762978,-6915.889882,-2509.535974,,,
397.2701208,38,-4692.323093,-1414071.851,6529744.809,2560890.708,-581.0967624,2612.325223,-6951.969135,-4700.172655,,,
397.2746368,38,-4741.956458,-1414229.225,6530452.377,2559006.931,-580.5784588,2610.431338,-6952.726217,-4746.497313,,,
397.3466395,38,-5477.171567,-1416719.588,6541664.589,2528943.995,-572.3184694,2580.204114,-6964.722007,-5481.975273,,,
397.3856169,38,-5874.685256,-1418052.822,6547679.603,2512648.435,-567.8501864,2563.817176,-6971.156536,-5877.477303,,,
397.3856508,38,-5879.291401,-1418053.969,6547684.82,2512634.253,-567.8462972,2563.802915,-6971.162115,-5877.820467,,,
397.4141208,38,-6161.182966,-1419021.171,6552054.075,2500722.104,-564.5839621,2551.822939,-6975.83572,-6165.44053,,,
397.4861208,38,-6878.125914,-1421442.372,6563012.43,2470561.087,-556.3389874,2521.486314,-6987.555987,-6887.733273,,,
397.6301208,38,-8307.608522,-1426178.004,6584535.373,2410088.697,-539.8728991,2460.645219,-7010.569265,-8308.026486,,,
397.7021208,38,-8999.94327,-1428492.505,6595099.48,2379778.555,-531.6521908,2430.142,-7021.861804,-9004.709029,,,
397.7456194,38,-9414.777479,-1429873.595,6601417.857,2361443.251,-526.6897765,2411.687238,-7028.614855,-9420.904598,,,
397.7456508,38,-9418.265437,-1429874.585,6601422.405,2361429.996,-526.6861911,2411.673896,-7028.619715,-9421.203993,,,
397.8026192,38,-9954.928791,-1431663.761,6609624.385,2337390.442,-520.1918881,2387.474691,-7037.384814,-9960.672416,,,
397.8461208,38,-10359.04359,-1433015.039,6615831.789,2319013.465,-515.2364486,2368.973364,-7044.01752,-10368.19254,,,
397.8746195,38,-10636.62451,-1433893.288,6619872.172,2306965.035,-511.9918178,2356.842324,-7048.334323,-10633.03096,,,
397.9181208,38,-11042.16216,-1435223.167,6625999.525,2288559.755,-507.0418239,2338.309204,-7054.880243,-11033.95493,,,
397.94662,38,-11295.75163,-1436087.413,6629987.518,2276492.616,-503.8007179,2326.15717,-7059.14025,-11294.38933,,,
397.9901208,38,-11693.19057,-1437395.913,6636034.677,2258059.429,-498.8562947,2307.592659,-7065.599245,-11688.4531,,,
398.0186204,38,-11936.79703,-1438246.173,6639970.195,2245973.812,-495.6187891,2295.419865,-7069.802371,-11944.32057,,,
398.0186575,38,-11946.82333,-1438247.281,6639975.298,2245958.088,-495.6145812,2295.404028,-7069.807823,-11944.65218,,,
398.0696208,38,-12398.65136,-1439753.927,6646960.866,2224328.594,-489.8289147,2273.616395,-7077.267582,-12397.56648,,,
398.0697042,38,-12388.82919,-1439756.384,6646972.237,2224293.192,-489.8194563,2273.580732,-7077.279726,-12398.30249,,,
398.0906575,38,-12572.84346,-1440370.689,6649824.944,2215393.709,-487.4420865,2264.615394,-7080.325773,-12582.76775,,,
398.1056213,38,-12704.27423,-1440807.561,6651855.304,2209035.81,-485.7447841,2258.210167,-7082.493628,-12713.87463,,,
398.1626575,38,-13206.69128,-1442458.813,6659541.473,2184784.203,-479.279165,2233.775893,-7090.69948,-13208.74822,,,
398.2346221,38,-13823.01861,-1444510.679,6669119.991,2154145.274,-471.1300147,2202.901358,-7100.923738,-13822.01282,,,
398.3066233,38,-14422.64612,-1446528.406,6678569.856,2123446.895,-462.986691,2171.961539,-7111.008561,-14422.93892,,,
398.3786233,38,-15013.54798,-1448510.948,6687885.8,2092705.767,-454.8536684,2140.973272,-7120.948345,-15011.0106,,,
398.3786575,38,-15010.14971,-1448511.879,6687890.189,2092691.172,-454.8498117,2140.958558,-7120.953027,-15011.28654,,,
398.4296309,38,-15420.36547,-1449894.199,6694404.502,2070901.768,-449.0981883,2118.990746,-7127.902278,-15419.76693,,,
398.4296608,38,-15419.24343,-1449895.001,6694408.315,2070888.946,-449.0948053,2118.977819,-7127.906344,-15420.00522,,,
398.5226246,38,-16147.66973,-1452370.769,6706115.714,2031095.73,-438.6187661,2078.851895,-7140.392649,-16148.07771,,,
398.5226575,38,-16143.31215,-1452371.635,6706119.814,2031081.644,-438.6150644,2078.83769,-7140.397022,-16148.33133,,,
398.5946255,38,-16705.0904,-1454248.119,6715029.223,2000228.231,-430.5173158,2047.720225,-7149.896718,-16696.89401,,,
398.5946587,38,-16704.17671,-1454248.986,6715033.299,2000213.992,-430.5135868,2047.705863,-7149.901065,-16697.14402,,,
398.6666263,38,-17238.64553,-1456090.506,6723808.125,1969320.038,-422.4268318,2016.542212,-7159.2551,-17232.50874,,,
398.7386377,38,-17760.26083,-1457898.227,6732453.501,1938367.164,-414.3462986,1985.313842,-7168.468966,-17755.00111,,,
398.7386575,38,-17750.47329,-1457898.71,6732455.863,1938358.644,-414.3440745,1985.305245,-7168.471481,-17755.14297,,,
398.7896378,38,-18114.57586,-1459157.382,6738494.686,1916421.722,-408.6303309,1963.169886,-7174.90607,-18117.07325,,,
398.7896608,38,-18115.30383,-1459157.935,6738497.405,1916411.792,-408.6277433,1963.159866,-7174.908965,-18117.23545,,,
398.7941277,38,-18142.23568,-1459267.395,6739023.293,1914488.752,-408.1273837,1961.219305,-7175.469267,-18148.63357,,,
398.882665,38,-18767.98759,-1461409.154,6749339.507,1876341.615,-398.2189353,1922.720431,-7186.458786,-18760.57624,,,
398.9081375,38,-18923.20018,-1462015.584,6752269.62,1865355.793,-395.3715027,1911.631846,-7189.579512,-18932.98189,,,
398.9801375,38,-19409.50941,-1463706.226,6760460.104,1834277.879,-387.3310305,1880.259687,-7198.301312,-19411.53606,,,
399.1541319,38,-20512.90798,-1467648.625,6779692.908,1759022.319,-367.9503356,1804.270092,-7218.772543,-20515.25265,,,
399.1961375,38,-20778.392,-1468570.106,6784217.097,1740822.507,-363.2822537,1785.888221,-7223.586069,-20770.71075,,,
399.2681375,38,-21194.76184,-1470122.208,6791864.009,1709598.955,-355.290836,1754.348239,-7231.7202,-21198.81783,,,
399.3401375,38,-21619.32457,-1471639.834,6799374.576,1678340.582,-347.3121618,1722.767928,-7239.706991,-21614.76355,,,
399.5141367,38,-22568.08153,-1475165.34,6816961.114,1602659.97,-328.084183,1646.286675,-7258.399051,-22571.04761,,,
399.5141675,38,-22577.04884,-1475165.944,6816964.155,1602646.562,-328.0807873,1646.273122,-7258.402282,-22571.21081,,,
399.5561375,38,-22793.31039,-1475986.298,6821086.521,1584362.907,-323.4544449,1627.791572,-7262.781716,-22791.77645,,,
399.7001394,38,-23519.78671,-1478712.513,6834876.541,1521547.879,-307.6162054,1564.28353,-7277.425458,-23519.75009,,,
399.7721461,38,-23864.27844,-1480024.479,6841566.152,1490091.036,-299.7171481,1532.472037,-7284.525556,-23867.4797,,,
399.874142,38,-24335.14513,-1481824.508,6850806.445,1445481.34,-288.5523907,1487.350774,-7294.328601,-24342.08088,,,
399.8741675,38,-24349.39445,-1481824.949,6850808.719,1445470.186,-288.5496046,1487.339491,-7294.331013,-24342.19688,,,
399.9101691,38,-24495.34967,-1482443.985,6854004.287,1429710.061,-284.6155965,1471.396227,-7297.719984,-24504.80913,,,
399.9161473,38,-24523.51836,-1482545.964,6854531.588,1427092.319,-283.9626876,1468.747945,-7298.279138,-24531.56792,,,
400.087149,38,-25266.5582,-1485363.804,6869212.09,1352130.594,-265.3291876,1392.897064,-7313.838951,-25268.32702,,,
400.1666742,57,9421.651782,-4251253.136,4652394.172,3384829.751,-2437.910444,2559.02309,-6556.025079,9421.641122,,,
400.2716742,57,8742.600296,-4266513.102,4668422.893,3343453.72,-2406.505954,2529.441397,-6579.157611,8747.294718,,,
400.5266572,57,7078.349661,-4302744.994,4706567.881,3242376.397,-2329.927879,2457.033556,-6634.145021,7069.1956,,,
400.6316518,57,6366.091779,-4317323.104,4721951.822,3200513.445,-2298.269264,2426.985932,-6656.295617,6363.134562,,,
400.6316743,57,6365.886734,-4317326.215,4721955.091,3200504.459,-2298.262475,2426.979475,-6656.300333,6362.982334,,,
401.2106644,57,2347.667812,-4394118.483,4803359.102,2967211.29,-2122.441883,2258.916181,-6773.246264,2351.445676,,,
401.2826642,57,1833.226941,-4403239.881,4813071.862,2937920.818,-2100.438798,2237.743208,-6787.168456,1842.886751,,,
401.3381633,57,1447.6944,-4410205.976,4820496.191,2915302.126,-2083.458364,2221.382161,-6797.805697,1450.05091,,,
401.4266642,57,817.4263845,-4421197.283,4832222.407,2879160.709,-2056.345512,2195.220043,-6814.597969,822.5010234,,,
401.4986642,57,314.1498561,-4430032.999,4841659.651,2849692.381,-2034.256367,2173.870766,-6828.104672,311.2764664,,,
401.5706642,57,-202.3820538,-4438773.229,4851004.541,2820166.005,-2012.139536,2152.463584,-6841.472301,-200.2324955,,,
401.7491704,19,26567.94242,-949085.0516,5584789.149,4366328.062,-939.3446289,4457.599538,-5889.035813,26569.64937,,,
401.7492008,19,26570.13938,-949086.7731,5584797.288,4366317.309,-939.3415702,4457.588744,-5889.044512,26569.55516,,,
402.0671774,57,-3715.36132,-4496437.018,4912912.786,2615019.895,-1858.907076,2003.296822,-6929.847489,-3710.952235,,,
402.0672329,57,-3709.133539,-4496443.221,4912919.448,2614996.812,-1858.889881,2003.279991,-6929.856996,-3711.341076,,,
402.2531605,19,24849.65884,-976722.5641,5716858.665,4186098.562,-888.5465855,4276.565529,-6030.133756,24845.97022,,,
402.3251593,19,24567.12355,-980545.3441,5735276.485,4160006.271,-881.2820665,4250.334274,-6049.803496,24571.42967,,,
402.6821675,57,-7906.655798,-4561504.124,4983370.108,2357432.699,-1667.557206,1814.955568,-7029.995317,-7915.182178,,,
402.7541838,57,-8388.355739,-4568660.975,4991164.317,2327032.284,-1645.050205,1792.65271,-7041.042148,-8390.244286,,,
403.3061608,19,20016.78795,-1029503.431,5974752.973,3796277.509,-782.2570471,3884.113956,-6305.386373,20008.22433,,,
403.3751912,57,-12289.75601,-4626330.575,5054349.344,2062982.926,-1450.225793,1598.287647,-7130.323065,-12285.26452,,,
403.3781608,19,19607.21461,-1032867.105,5991472.965,3768999.64,-774.9936348,3856.60941,-6323.218272,19607.25818,,,
403.4501439,19,19202.28737,-1036198.618,6008070.064,3741651.466,-767.7335847,3829.028642,-6340.917367,19196.70935,,,
403.4726605,57,-12863.93746,-4634721.998,5063606.262,2021245.375,-1419.538634,1567.459865,-7143.358128,-12860.05751,,,
403.4756436,19,19052.90556,-1037371.276,6013920.935,3731945.165,-765.1621702,3819.238515,-6347.156302,19048.93626,,,
403.4757275,19,19049.97609,-1037375.127,6013940.152,3731913.229,-765.1537148,3819.206302,-6347.176793,19048.44827,,,
403.5191708,57,-13125.49985,-4638662.952,5067959.873,2001302.378,-1404.886072,1552.719767,-7149.484219,-13130.56897,,,
403.5221431,19,18767.82336,-1039499.519,6024551.552,3714220.959,-760.4737596,3801.359523,-6358.491441,18776.30326,,,
403.5221714,19,18783.68785,-1039500.813,6024558.005,3714210.164,-760.4709092,3801.348633,-6358.498322,18776.13615,,,
403.6661415,19,17899.26921,-1046007.253,6057155.046,3659133.606,-745.9604729,3745.777065,-6393.251098,17905.91543,,,
403.7381406,19,17458.90964,-1049214.12,6073276.342,3631477.894,-738.7074215,3717.864869,-6410.435956,17455.83193,,,
403.8101398,19,16998.14599,-1052389.634,6089276.92,3603748.177,-731.4569851,3689.872727,-6427.490401,16995.77929,,,
403.8327546,57,-14889.87269,-4664165.542,5096236.046,1866406.531,-1305.94998,1452.848249,-7189.198699,-14889.05819,,,
404.0126408,19,15654.6687,-1061153.101,6133628.861,3525365.5,-711.0807428,3610.720143,-6474.754381,15648.41525,,,
404.0846408,19,15157.97247,-1064209.346,6149166.087,3497358.719,-703.8421429,3582.428327,-6491.308476,15150.43859,,,
404.1566501,19,14643.67977,-1067234.714,6164582.91,3469277.076,-696.6061999,3554.055701,-6507.732572,14642.56795,,,
404.2076423,19,14283.05702,-1069358.17,6175425.841,3449348.78,-691.4844742,3533.917777,-6519.2829,14277.03279,,,
404.2286408,19,14128.63352,-1070228.062,6179873.043,3441132.043,-689.3759174,3525.613855,-6524.019991,14125.09497,,,
404.3006408,19,13599.71851,-1073190.547,6195042.115,3412913.292,-682.1486716,3497.09236,-6540.176737,13597.93778,,,
404.5166468,19,11960.27526,-1081891.094,6239808.997,3327839.916,-660.4922044,3411.075431,-6587.848249,11960.26731,,,
404.7161855,57,-19207.29432,-4725978.957,5165701.059,1482670.266,-1026.156507,1167.169873,-7286.097187,-19210.3447,,,
404.7326408,19,10248.08502,-1090310.76,6283454.364,3242161.284,-638.8797488,3324.400557,-6634.310255,10242.84798,,,
404.8046408,19,9659.973635,-1093055.191,6297753.075,3213468.106,-631.6858131,3295.363613,-6649.528332,9653.849239,,,
404.8256316,19,9481.949801,-1093849.442,6301898.067,3205090.595,-629.5895331,3286.884786,-6653.939513,9480.66416,,,
404.8976337,19,8885.379664,-1096553.839,6316034.93,3176312.136,-622.4025575,3257.755035,-6668.983141,8881.741427,,,
404.9081909,57,-20030.24635,-4737449.521,5178785.282,1398626.588,-965.2000542,1104.29709,-7304.210275,-20026.56427,,,
405.2921308,19,5482.841182,-1110820.912,6391245.982,3017503.312,-583.1328444,3096.91873,-6748.988571,5482.690006,,,
405.5456575,19,3225.456035,-1119500.076,6437561.779,2914463.571,-558.0017788,2992.484893,-6798.230245,3217.955901,,,
405.6521309,19,2254.315601,-1123031.185,6456538.171,2870969.103,-547.4746338,2948.383855,-6818.399155,2254.907095,,,
405.6566375,19,2222.782372,-1123179.176,6457335.153,2869125.302,-547.0294332,2946.514105,-6819.246142,2214.035514,,,
405.6567242,19,2222.88208,-1123182.006,6457350.478,2869089.842,-547.0208653,2946.478146,-6819.262425,2213.249397,,,
405.9146283,19,-128.8338101,-1131449.92,6502114.929,2763196.458,-521.5947691,2839.062846,-6866.824269,-133.8992356,,,
406.0166375,19,-1055.643838,-1134611.687,6519360.919,2721111.436,-511.567259,2796.355905,-6885.141962,-1063.100684,,,
406.0167242,19,-1071.70668,-1134614.332,6519375.463,2721075.634,-511.5587408,2796.31957,-6885.157405,-1063.889491,,,
406.0586284,19,-1453.989658,-1135895.354,6526384.016,2703755.218,-507.4445751,2778.740412,-6892.600486,-1445.07721,,,
406.1306284,19,-2105.853471,-1138072.27,6538322.846,2673951.694,-500.382556,2748.487892,-6905.278159,-2098.858723,,,
406.2026285,19,-2745.788464,-1140218.701,6550130.864,2644093.683,-493.3294901,2718.175306,-6917.815205,-2750.641804,,,
406.27013,19,-3355.532527,-1142203.348,6561082.06,2616052.314,-486.7253988,2689.702714,-6929.440959,-3359.364611,,,
406.3421386,19,-4001.574686,-1144291.059,6572637.24,2586086.955,-479.6893683,2659.271962,-6941.706232,-4005.695886,,,
406.3767242,19,-4311.698509,-1145282.975,6578140.4,2571675.893,-476.3133392,2644.635405,-6947.546957,-4314.851521,,,
406.3856289,19,-4393.801117,-1145537.246,6579552.381,2567963.507,-475.4444739,2640.864753,-6949.045488,-4394.30497,,,
406.3856508,19,-4389.447804,-1145537.863,6579555.851,2567954.379,-475.4423353,2640.855483,-6949.049169,-4394.500223,,,
406.4186411,19,-4687.623064,-1146475.775,6584769.372,2554193.81,-472.2246332,2626.878319,-6954.582016,-4688.314258,,,
406.4861347,19,-5277.608871,-1148374.802,6595349.24,2526007.635,-465.6480232,2598.245416,-6965.808767,-5286.57235,,,
406.4861642,19,-5285.890945,-1148375.626,6595353.837,2525995.309,-465.6451513,2598.232894,-6965.813645,-5286.832879,,,
406.5581642,19,-5922.372559,-1150372.086,6606512.116,2495877.332,-458.638972,2567.633035,-6977.652486,-5920.415855,,,
406.7021425,19,-7172.452257,-1154273.712,6628428.238,2435498.58,-444.6589567,2506.274245,-7000.900099,-7171.117965,,,
406.7456303,19,-7535.39378,-1155428.465,6634943.535,2417222.312,-440.4444821,2487.697673,-7007.809856,-7544.168505,,,
406.7456509,19,-7541.625837,-1155429.002,6634946.608,2417213.66,-440.4424866,2487.688879,-7007.813113,-7544.344454,,,
406.7741304,19,-7784.238476,-1156179.259,6639187.093,2405235.051,-437.684555,2475.512531,-7012.309981,-7787.373793,,,
406.8461308,19,-8394.852189,-1158055.04,6649814.797,2374917.267,-430.7194999,2444.691048,-7023.579024,-8397.087215,,,
406.918138,19,-8990.338052,-1159900.913,6660310.225,2344548.234,-423.7645135,2413.812859,-7034.706043,-8999.794568,,,
406.9181642,19,-8999.011359,-1159901.577,6660314.011,2344537.201,-423.7619907,2413.801641,-7034.710056,-9000.012017,,,
407.062132,19,-10181.24407,-1163502.116,6680897.398,2283676.162,-409.8894111,2351.906469,-7056.526816,-10182.33437,,,
407.1056508,19,-10533.3723,-1164566.93,6687014.046,2265242.16,-405.7047818,2333.155648,-7063.008581,-10533.44421,,,
407.162633,19,-10986.17054,-1165944.653,6694948.922,2241079.798,-400.2318424,2308.575503,-7071.41612,-10988.56728,,,
407.2061642,19,-11331.58317,-1166984.563,6700954.064,2222601.836,-396.0556761,2289.776131,-7077.778219,-11332.6529,,,
407.2346332,19,-11547.61085,-1167658.756,6704854.813,2210508.438,-393.3267871,2277.471482,-7081.91048,-11555.96226,,,
407.2346575,19,-11563.27924,-1167659.334,6704858.132,2210498.113,-393.3244603,2277.460976,-7081.913997,-11556.15229,,,
407.3786342,19,-12663.56648,-1170997.591,6724263.03,2149231.001,-379.5517946,2215.112819,-7102.466278,-12664.07036,,,
407.3786575,19,-12663.195,-1170998.115,6724266.124,2149221.084,-379.5495703,2215.102725,-7102.469553,-12664.24648,,,
407.4296346,19,-13038.71891,-1172151.589,6731007.456,2127486.325,-374.6846064,2192.980148,-7109.607758,-13047.72708,,,
407.4296608,19,-13053.4996,-1172152.181,6731010.908,2127475.133,-374.6821049,2192.968755,-7109.611413,-13047.92325,,,
407.594636,19,-14249.78926,-1175783.22,6752363.049,2056987.972,-358.9798163,2121.208499,-7132.214338,-14256.39043,,,
407.5946575,19,-14253.92976,-1175783.682,6752365.78,2056978.789,-358.9777782,2121.199149,-7132.217228,-14256.54433,,,
407.6666575,19,-14759.61868,-1177319.693,6761461.549,2026146.729,-352.1453309,2089.802892,-7141.842795,-14768.0387,,,
407.7386373,19,-15271.21699,-1178825.814,6770419.088,1995282.067,-345.3274934,2058.369008,-7151.320229,-15269.56341,,,
407.7386576,19,-15260.05409,-1178826.238,6770421.59,1995273.372,-345.3255772,2058.360152,-7151.322877,-15269.70323,,,
407.7896378,19,-15610.1416,-1179875.157,6776683.628,1973388.645,-340.504566,2036.069147,-7157.947235,-15618.92128,,,
407.7896608,19,-15610.82021,-1179875.636,6776686.445,1973378.737,-340.5023883,2036.059054,-7157.950216,-15619.07822,,,
407.8826387,19,-16239.67195,-1181750.701,6787931.408,1933413.53,-331.7266076,1995.346233,-7169.843386,-16243.11622,,,
407.8826676,19,-16242.02432,-1181751.277,6787934.865,1933401.107,-331.7238858,1995.333577,-7169.847042,-16243.30745,,,
407.9546395,19,-16715.82231,-1183169.134,6796483.18,1902419.868,-324.9458732,1963.767763,-7178.885956,-16714.90362,,,
407.9546575,19,-16717.73361,-1183169.484,6796485.305,1902412.101,-324.9441761,1963.759849,-7178.888203,-16715.02051,,,
408.0266575,19,-17184.85222,-1184558.629,6804900.442,1871379.998,-318.1768752,1932.137845,-7187.784392,-17176.78058,,,
408.0986575,19,-17618.60004,-1185918.549,6813178.882,1840309.78,-311.4230955,1900.472651,-7196.534149,-17628.52455,,,
408.1496415,19,-17945.64577,-1186863.922,6818958.16,1818285.907,-306.6489475,1878.024412,-7202.641294,-17942.36372,,,
408.1496608,19,-17940.52091,-1186864.275,6818960.339,1818277.553,-306.6471376,1878.015896,-7202.643596,-17942.48175,,,
408.1541454,19,-17970.89943,-1186946.725,6819465.394,1816339.448,-306.2275344,1876.040343,-7203.177256,-17969.84736,,,
408.2756543,59,17394.9338,-3912997.983,4645876.57,3778087.294,-2623.671634,2944.181546,-6316.994608,17395.42854,,,
408.3401438,19,-19079.79303,-1190267.277,6839944.04,1735830.966,-288.872007,1793.961542,-7224.809128,-19070.94718,,,
408.3476775,59,16999.25528,-3924292.293,4658556.068,3750750.64,-2603.480999,2924.053781,-6334.74643,17000.96834,,,
408.4196502,59,16599.74265,-3935491.434,4671139.637,3723356.796,-2583.264495,2903.868191,-6352.356957,16598.81747,,,
408.4196775,59,16603.82453,-3935495.671,4671144.382,3723346.399,-2583.256831,2903.860522,-6352.363607,16598.66343,,,
408.5141485,19,-20040.14734,-1193198.809,6858271.561,1660300.064,-272.7215819,1716.931512,-7244.156887,-20041.82678,,,
408.5141675,19,-20036.66182,-1193199.125,6858273.515,1660291.815,-272.7198266,1716.923098,-7244.15895,-20041.92963,,,
408.5171575,59,16035.31255,-3950524.408,4688048.257,3686123.38,-2555.812567,2876.407108,-6376.009261,16041.27358,,,
408.5561808,19,-20271.80045,-1193881.697,6862578.043,1642024.982,-268.8330379,1698.289982,-7248.70133,-20267.91248,,,
408.5636486,59,15764.86309,-3957635.477,4696053.584,3668322.059,-2542.69835,2863.267823,-6387.20287,15770.28978,,,
408.635648,59,15337.67477,-3968575.922,4708378.728,3640692.297,-2522.357011,2842.861198,-6404.431069,15344.07851,,,
408.6356775,59,15334.77214,-3968580.39,4708383.764,3640680.952,-2522.348662,2842.852815,-6404.438107,15343.9021,,,
408.707682,59,14904.02005,-3979433.619,4720621.447,3612975.012,-2501.967622,2822.374267,-6421.537147,14909.72668,,,
408.8441568,19,-21736.01705,-1198297.433,6890816.454,1516517.024,-242.3280557,1570.226685,-7278.48145,-21731.04287,,,
408.8441808,19,-21732.15342,-1198297.778,6890818.715,1516506.547,-242.3258566,1570.215991,-7278.483832,-21731.15863,,,
408.8741505,19,-21867.40328,-1198731.056,6893630.223,1503415.853,-239.5814275,1556.854919,-7281.446911,-21875.01836,,,
408.8771679,59,13851.36131,-4004632.017,4749076.424,3547470.703,-2453.846075,2773.895698,-6461.268702,13856.73158,,,
408.9161814,19,-22067.96649,-1199330.402,6897532.738,1485047.874,-235.7370052,1538.106347,-7285.559181,-22074.17329,,,
408.9956775,59,13085.27463,-4021960.289,4768679.188,3501429.86,-2420.076983,2739.770282,-6488.617555,13094.96694,,,
409.1396775,59,12142.77228,-4042692.049,4792170.773,3445226.269,-2378.913706,2698.05544,-6521.367247,12141.8569,,,
409.2371631,59,11479.93839,-4056524.952,4807869.079,3407017.763,-2350.96717,2669.661423,-6543.237005,11479.98513,,,
409.3826742,59,10464.46987,-4076867.955,4830991.167,3349749.981,-2309.136181,2627.050889,-6575.426207,10468.04809,,,
409.5266412,59,9438.457905,-4096635.1,4853500.628,3292815.619,-2267.614677,2584.62615,-6606.735808,9439.953237,,,
409.6316406,59,8679.817971,-4110825.376,4869685.76,3251122.354,-2237.249657,2553.519369,-6629.231842,8674.294525,,,
409.670653,59,8392.874737,-4116048.987,4875649.316,3235595.307,-2225.950263,2541.926487,-6637.517126,8386.592293,,,
409.6706742,59,8384.555959,-4116051.814,4875652.555,3235586.861,-2225.944115,2541.920182,-6637.52162,8386.435459,,,
409.74264,59,7843.556946,-4125618.301,4886582.179,3206893.497,-2205.075912,2520.48513,-6652.70126,7851.340014,,,
409.8146397,59,7304.537436,-4135099.038,4897424.186,3178121.349,-2184.166798,2498.975833,-6667.752618,7310.565442,,,
409.9586391,59,6214.17638,-4153789.2,4918828.73,3120383.49,-2142.257147,2455.766371,-6697.44774,6213.964418,,,
409.9916389,59,5968.223238,-4158021.332,4923681.289,3107115.908,-2132.635969,2445.828619,-6704.176142,5960.044983,,,
410.1026386,59,5104.992858,-4172116.769,4939858.898,3062391.323,-2100.228591,2412.305132,-6726.59744,5099.505674,,,
410.2106642,59,4250.083302,-4185627.091,4955388.199,3018722.732,-2068.623864,2379.538188,-6748.105421,4253.451106,,,
410.2826642,59,3690.246929,-4194517.986,4965620.473,2989540.235,-2047.523836,2357.621827,-6762.268956,3685.488839,,,
410.3381661,59,3237.227296,-4201309.365,4973443.438,2967003.015,-2031.239792,2340.685714,-6773.093091,3245.744643,,,
410.4266378,59,2541.203519,-4212022.842,4985796.67,2931003.919,-2005.249194,2313.614599,-6790.177565,2541.810451,,,
410.4266642,59,2532.670992,-4212026.006,4985800.34,2930993.17,-2005.241433,2313.606516,-6790.182629,2541.600089,,,
410.4986642,59,1962.219369,-4220642.912,4995747.397,2901629.793,-1984.060002,2291.508423,-6803.932192,1966.488535,,,
410.6426376,59,820.3433683,-4237598.824,5015350.898,2842737.235,-1941.626856,2247.14175,-6831.010412,812.2360363,,,
410.6426642,59,812.1004933,-4237601.929,5015354.473,2842726.343,-1941.619019,2247.133535,-6831.015358,812.022585,,,
410.6981587,59,361.5380702,-4244039.601,5022808.119,2819964.135,-1925.235998,2229.969394,-6841.304201,366.1776839,,,
410.9306376,59,-1503.037508,-4270414.736,5053409.935,2724240.431,-1856.445583,2157.689498,-6883.505381,-1501.688138,,,
410.9306642,59,-1497.621668,-4270417.701,5053413.363,2724229.47,-1856.43772,2157.681209,-6883.510115,-1501.901046,,,
411.0026379,59,-2085.659183,-4278388.496,5062682.568,2694475.916,-1835.09059,2135.182569,-6896.279338,-2078.701712,,,
411.0026642,59,-2079.119249,-4278391.397,5062685.937,2694465.026,-1835.082781,2135.17433,-6896.283981,-2078.912396,,,
411.1061381,59,-2907.182325,-4289689.012,5075841.359,2651593.474,-1804.352802,2102.729792,-6914.395739,-2905.524899,,,
411.2501485,59,-4054.094656,-4305094.704,5093814.477,2591741.49,-1761.50808,2057.382741,-6939.118607,-4048.685265,,,
411.2501675,59,-4055.953197,-4305096.723,5093816.823,2591733.561,-1761.502411,2057.376728,-6939.121839,-4048.835748,,,
411.3941698,59,-5181.837982,-4320130.951,5111396.128,2531673.761,-1718.574952,2011.811823,-6963.277854,-5180.531335,,,
411.4271387,59,-5440.902211,-4323520.792,5115365.416,2517894.035,-1708.735242,2001.349235,-6968.728563,-5437.701197,,,
411.4271675,59,-5446.71619,-4323523.742,5115368.873,2517881.998,-1708.726648,2001.340095,-6968.73331,-5437.925402,,,
411.4661388,59,-5734.567306,-4327505.622,5120034.081,2501579.639,-1697.090064,1988.958064,-6975.137968,-5740.887025,,,
411.5381391,59,-6301.72869,-4334790.621,5128576.907,2471421.524,-1675.575997,1966.040666,-6986.861178,-6297.498363,,,
411.6101394,59,-6841.25199,-4341982.629,5137020.631,2441213.051,-1654.042516,1943.069978,-6998.442076,-6849.768605,,,
411.6821397,59,-7398.306252,-4349081.577,5145365.013,2410954.83,-1632.490093,1920.046446,-7009.880426,-7397.358959,,,
411.6821675,59,-7405.855268,-4349084.302,5145368.205,2410943.157,-1632.481784,1920.03756,-7009.884807,-7397.569078,,,
411.75414,59,-7932.51675,-4356087.383,5153609.798,2380647.54,-1610.919252,1896.970575,-7021.17597,-7939.944548,,,
411.7541675,59,-7936.405672,-4356090.038,5153612.926,2380635.967,-1610.911018,1896.96176,-7021.180253,-7940.150578,,,
411.7871719,59,-8190.19338,-4359270.263,5157358.915,2366727.089,-1601.017069,1886.366578,-7026.310223,-8187.109088,,,
411.8711409,59,-8802.372579,-4367272.967,5166794.687,2331294.874,-1575.828369,1859.361658,-7039.226148,-8810.190078,,,
411.8981408,59,-9005.069521,-4369819.24,5169799.792,2319888.013,-1567.724031,1850.66351,-7043.337794,-9008.890867,,,
411.8981689,59,-9004.515626,-4369821.875,5169802.908,2319876.161,-1567.715611,1850.654472,-7043.342054,-9009.096839,,,
411.9431411,59,-9342.336937,-4374033.883,5174777.012,2300861.66,-1554.211373,1836.15055,-7050.145754,-9338.217914,,,
411.9431719,59,-9342.153915,-4374036.753,5174780.406,2300848.632,-1554.202122,1836.14061,-7050.150394,-9338.442509,,,
411.946162,22,20307.84215,-765494.5055,5892672.29,3981644.262,-665.3468238,4101.670686,-6179.389135,20312.47788,,,
412.1127375,59,-10554.97471,-4389589.864,5193182.301,2228992.156,-1503.227257,1781.277312,-7075.298914,-10557.68258,,,
412.1591424,59,-10881.05293,-4393755.847,5198120.925,2209283.023,-1489.261646,1766.214718,-7082.042087,-10885.10307,,,
412.1591708,59,-10893.24709,-4393758.395,5198123.934,2209270.936,-1489.253085,1766.205477,-7082.046202,-10885.30289,,,
412.2311429,59,-11380.82362,-4400142.676,5205700.462,2178665.943,-1467.580445,1742.80353,-7092.385955,-11387.57138,,,
412.2311708,59,-11383.3797,-4400145.143,5205703.373,2178654.064,-1467.57204,1742.794442,-7092.389937,-11387.76481,,,
412.3031708,59,-11891.2884,-4406438.197,5213181.571,2147992.82,-1445.876153,1719.334583,-7102.589191,-11883.31136,,,
412.4471708,59,-12854.20116,-4418742.955,5227833.418,2086539.711,-1402.441742,1672.27028,-7122.553419,-12852.97946,,,
412.4726508,59,-13023.04245,-4420881.136,5230383.592,2075648.082,-1394.75057,1663.922656,-7126.025589,-13021.51211,,,
412.4727375,59,-13031.94989,-4420888.378,5230392.254,2075611.026,-1394.724403,1663.894255,-7126.037368,-13022.08382,,,
412.5191451,59,-13333.75593,-4424752.415,5235004.098,2055760.12,-1380.711946,1648.675227,-7132.314518,-13326.63728,,,
412.5191708,59,-13329.23178,-4424754.555,5235006.64,2055749.099,-1380.704171,1648.666775,-7132.317985,-13326.80539,,,
412.5911708,59,-13791.0721,-4430672.22,5242077.793,2024916.618,-1358.953651,1625.016333,-7141.937251,-13793.1243,,,
412.8326508,59,-15296.27173,-4449832.865,5265045.822,1921210.398,-1285.916455,1545.358893,-7173.135798,-15301.04771,,,
412.8327444,59,-15307.3058,-4449840.08,5265054.506,1921170.115,-1285.88812,1545.327921,-7173.147572,-15301.61523,,,
